"item","categoria","parroquia","proyecto","monto","tramite","responsables","estado_original","estado_dashboard","fecha_entrega","cronograma_contractual","Avance","Coordenadas X","Coordenadas Y"
"1","PAC","RIOBAMBA","CONSTRUCCIÓN DEL COLECTOR NORORIENTAL (ALCANTARILLADO PLUVIAL) Y PLANTA DE TR...","6900000","1169325","ING. CARLOS MOREIRA
ING. GABRIELA MORA","SE REALIZO LAS OBSERVACIONES A LA ETAPA PREPARATORIA, MEDIANTE REUNION EL DÍA...","En desarrollo","","","","",""
"2","PAC","RIOBAMBA","CONSTRUCCIÓN DE BATERIA SANITARIA EN YARUQUIES E ILUMINACIÓN EN LOS PARQUES D...","72000","Sumilla Interna mediante MEMORANDO Nro. GADMR-DGPHDU-JDOP-2026-042-MP","ARQ. FERNANDO PONCE
ING. DENNIS SALAZAR
ING. DANIEL OROZCO
ING. SANDRA BERRON...","PROCESO QUINTA DEL COA DEL PARQUE FERNANDO DAQUILEMA DE YARUQUIES / ELABORACI...","En desarrollo","21 DE AGOSTO DEL 2026","","0.8","YARUQUÍES
758581.5499

LA MADRE
762715.7106","YARUQUÍES
9813139.7000

LA MADRE
9814788.3474"
"3","PAC","RIOBAMBA","EJECUCIÓN DE LA CONSTRUCCIÓN DE ESPACIOS URBANOS CÍVICO–CULTURALES EN EL CANT...","135000","Sumilla Interna mediante MEMORANDO Nro. GADMR-DGPHDU-JDOP-2026-004A-MP","ARQ. GABRIEL PEREZ.
ING. FABIAN LLAMUCA
ING. ROSA GRANDA
ING. NELSON RODRIGUE...","EN ELABORACIÓN DE ETAPA PREPARATORIA / DISEÑO DE LA CIMENTACIÓN / UNIFICACIÓN...","En desarrollo","21 DE AGOSTO DEL 2026","","0.75","PLUMA
759393.54

LEÓN DORMIDO
758864.39","PLUMA
9816897.55

LEÓN DORMIDO
9818014.52"
"4","PAC","RIOBAMBA","CONSTRUCCION DEL BOULEVARD DE LAS ANIMAS ETAPA I","260000","1197196","","ENTREGADO A LA DIRECCIÓN GENERAL DE GESTIÓN DE OBRAS PÚBLICAS","Entregado para Contratación","","120 DÍAS","1","760561.94","9814247.7899999991"
"5","PAC","RIOBAMBA","CONSTRUCCIÓN DE BÓVEDAS EN EL CEMENTERIO GENERAL DE RIOBAMBA FASE II","150000","Sumilla Interna mediante MEMORANDO Nro. GADMR-DGPHDU-JDOP-2026-029-MP","ARQ. PABLO LLAMUCA
ING. ERIKA CALDERON
ING. JUAN JOSE DAVILA
ING. DENNIS SALA...","ELABORACIÓN DE PLAN MASA ARQUITECTONICO","En desarrollo","30 DE SEPTIEMBRE DEL 2026","","0.3","760807.13899999997","9814066.5528999995"
"6","PAC","RIOBAMBA","REHABILITACIÓN URBANA DE  LA CALLE VELOZ ENTRE LAS CALLES 5 DE JUNIO Y PEDRO ...","619802.4","Sumilla Interna mediante MEMORANDO Nro. GADMR-DGPHDU-JDOP-2026-041-MP","ARQ. GABRIEL PEREZ
ARQ. DANIEL YAULEMA
ING. ROSA GRANDA
ING. ERIKA CALDERON
I...","SISTEMA CONSTRUCTIVO","En desarrollo","31 DE AGOSTO DEL 2026","","0.75","761853.2","9814830.9299999997"
"7","PAC","RIOBAMBA","REHABILITACIÓN  LA CALLE 10 DE AGOSTO Y LAS CALLES ADYACENTES DEL CENTRO HIST...","1112319.96","","","SE VA A CAMBIAR DE PROYECTO DEBIDO QUE ES FINANCIAMIENTO DEL BDE","No iniciado","","","","",""
"8","PAC","RIOBAMBA","AMPLIACIÓN DEL PUENTE DE INGRESO A LOS BARRIOS LA VICTORIA Y SAN JOSE DE CHIB...","150000","1123045","","ENTREGADO SUBIDO AL SERCOP","Entregado para Contratación","","120 DÍAS","1","759965.22","9813893.2699999996"
"9","PAC","RIOBAMBA","CONSTRUCCIÓN DEL CERRAMIENTO EN EL PREDIO LA MATILDE Y ADECENTAMIENTO DE SUS ...","240000","1172982","","ENTREGADO A LA DIRECCIÓN GENERAL DE GESTIÓN DE OBRAS PÚBLICAS","Entregado para Contratación","","90 DÍAS","1","761987.53","9813913.9399999995"
"10","PAC","RIOBAMBA","READECUACIÓN DE LA INFRAESTRUCTURA FISICA DEL CENTRO DE PRIVACIÓN DE LIBERTAD...","67000","1172221","","ENTREGADO A LA DIRECCIÓN GENERAL DE GESTIÓN DE OBRAS PÚBLICAS / PARA ELABORAC...","Entregado para Contratación","","60 DÍAS","1","763505.85","9813015.0600000005"
"11","PAC","PUNGALA","EJECUCIÓN DE ADOQUINADO DE VÍAS EN LA CABECERA PARROQUIAL DE PUNGALÁ","140000","Sumilla Interna mediante MEMORANDO Nro. GADMR-DGPHDU-JDOP-2026-019-MP","ING. CRISTOPHER PADILLA
ING. JUAN JOSE DAVILA
ING. JOFFRE NIAMA
ING. GERMANIA...","ELABORACIÓN DE PLANOS Y  PRESUPUESTO REFERENCIAL","En desarrollo","11 DE AGOSTO DEL 2026","","0.7","767710","9798922"
"12","PAC","PUNGALA","EJECUCIÓN DEL ADOQUINADO DE PURUHAYPAMBA DE LA PARROQUIA PUNGALA","66000","Sumilla Interna mediante MEMORANDO Nro. GADMR-DGPHDU-JDOP-2026-030-MP","ING. CRISTOPHER PADILLA
ING. ERIKA CALDERON
ING. JOFFRE NIAMA
ING. GERMANIA F...","SOLICITUD DE DELEGACIÓN DE COMPETENCIAS","Remitido a otra dirección","28 DE AGOSTO DEL 2026 TODO DEPENDE DE LA ENTREGA DE LA DELEGACION DE COMPETEN...","","0.85","767995.62910000002","9796909.0682999995"
"13","PAC","LICTO","EJECUCIÓN DE ADOQUINADO DE VARIAS VÍAS DE LA CABECERA PARROQUIAL DE LICTO","77719.100000000006","Sumilla Interna mediante MEMORANDO Nro. GADMR-DGPHDU-JDOP-2026-012A-MP","ING. ROSA GRANDA
ING. NATALY SALAZAR
ING. JOFFRE NIAMA
ING. GERMANIA FLORES","ELABORACIÓN DE PLANOS Y PRESUPUESTO REFERENCIAL /SOCIALIZACIÓN","En desarrollo","28 DE AGOSTO DEL 2026","","0.75","766543.06400000001","9800032.9519999996"
"14","PAC","LICAN","READECUACIÓN DEL CEMENTERIO DE LA CABECERA PARROQUIAL DE LICAN","31000","1169501","","ENTREGADO A LA DIRECCIÓN GENERAL DE GESTIÓN DE OBRAS PÚBLICAS","Entregado para Contratación","","60 DÍAS","1","755194.66","9817152.8100000005"
"15","PAC","CUBIJIES","MANTENIMIENTO Y REHABILITACIÓN VIAL DE LAS COMUNIDADES DE LA PARROQUIA CUBIJIES","209954","Sumilla Interna mediante MEMORANDO Nro. GADMR-DGPHDU-JDOP-2026-035-MP","ING. CRISTOPHER PADILLA
ING. ERIKA CALDERON
ING. JOFFRE NIAMA
ING. GERMANIA F...","SOLICITUD DE DELEGACIÓN DE COMPETENCIAS","Remitido a otra dirección","28 DE AGOSTO DEL 2026 TODO DEPENDE DE LA ENTREGA DE LA DELEGACION DE COMPETEN...","","0.9","767031.304","9816230.6899999995"
"16","PAC","CUBIJIES","READECUACIÓN DEL COLISEO DE LA PARROQUIA CUBIJIES","65000","1159960","","ENTREGADO A LA DIRECCIÓN GENERAL DE GESTIÓN DE OBRAS PÚBLICAS","Entregado para Contratación","","90 DÍAS","1","768443.4","9817959.0199999996"
"17","PAC","CACHA","EJECUCIÓN DE LA CONSTRUCCIÓN DE LA CUBIERTA METÁLICA DE LA CANCHA COMUNIDAD S...","80000","1213868","","ENTREGADO A LA DIRECCIÓN GENERAL DE GESTIÓN DE OBRAS PÚBLICAS","Entregado para Contratación","","90 DÍAS","1","757107.18","9811485.2100000009"
"18","PAC","CACHA","EJECUCIÓN DE CENTRO TURISTICO DE SAN MIGUEL DE QUERA FASE I PARROQUIA CACHA","79901.45","Sumilla Interna mediante MEMORANDO Nro. GADMR-DGPHDU-JDOP-2026-026-MP","ARQ. CRISTIAN BUÑAY
ING. NATALY SALAZAR
ING. NELSON RODRIGUEZ
ING. GABRIELA C...","ELABORACIÓN DE PLANOS ARQUITECTONICOS","En desarrollo","31 DE AGOSTO DEL  2026","","0.3","753294.76","9809679.2379999999"
"19","PAC","CACHA","ASFALTADO DE VIAS PARA LAS COMUNIDADES CACHA, PUCARAQUINCHE - CACHA HUAGSHI","631706.67000000004","1185599","","ENTREGADO A LA DIRECCIÓN GENERAL DE GESTIÓN DE OBRAS PÚBLICAS","Entregado para Contratación","","120 DÍAS","1","PUCARAQUINCHE
755454.687
HUAGSHI
9809853.7072","PUCARAQUINCHE
9809919.762
HUAGSHI
755663.7815"
"20","PAC","PUNIN","EJECUCIÓN DE LA CONSTRUCCIÓN DE CUBIERTAS PARA LA CANCHA DE USO MULTIPLE DE L...","102999.7","Sumilla Interna mediante MEMORANDO Nro. GADMR-DGPHDU-JDOP-2026-025-MP","ING. FABIAN LLAMUCA
ARQ. FERNANDO PONCE
ING. DENNIS SALAZAR
ING. SANDRA BERRO...","PROYECTO INTEGRAL","En desarrollo","28 DE AGOSTO  DEL 2026","","0.75","SAN VICENTE
757584.15

CACHIGUAYCO
761422.43","SAN VICENTE
9804141.06

CACHIGUAYCO
9802101.68"
"21","PAC","PUNIN","CONSTRUCCIÓN DE BATERIAS SANITARIAS Y VESTIDORES DE LA COMUNIDAD DE SAN JUAN ...","72000","Sumilla Interna mediante MEMORANDO Nro. GADMR-DGPHDU-JDOP-2026-017-MP","ARQ. FERNANDO PONCE
ING. DENNIS SALAZAR
ING. ERIKA CALDERON
ING. DANIEL OROZC...","ENTREGADO A LA DIRECCIÓN GENERAL DE GESTIÓN DE OBRAS PÚBLICAS ","Entregado para Contratación","","90 DÍAS","1","756454.27489999996","9806537.3486000001"
"22","PAC","PUNIN","MEJORAMIENTO DE ESPACIOS RECREATIVOS DE COMUNIDADES DE LA PARROQUIA PUNIN","28823.7","","ARQ. LUIS TELLO","ENTREGADO A LA DIRECCIÓN GENERAL DE GESTIÓN DE OBRAS PÚBLICAS ","Entregado para Contratación","","60 DÍAS","1","EL CHUIPE
 760589.997
SIGUILÁN
 758947.692","EL CHUIPE
9804286.027
SIGUILÁN
 9807986.714"
"23","PAC","PUNIN","CONSTRUCCIÓN DE BORDILLOS EN LA COMUNIDAD SAN ISIDRO DE PUNIN","62302.559999999998","Sumilla Interna mediante MEMORANDO Nro. GADMR-DGPHDU-JDOP-2026-034-MP","ING. DANIEL OROZCO
ING. GABRIELA CASTILLO
ING. JOFFRE NIAMA
ING. GERMANIA FLORES","ENTREGADO A LA DIRECCIÓN GENERAL DE GESTIÓN DE OBRAS PÚBLICAS ","Entregado para Contratación","","60 DÍAS","1","761703.43","9807002.9299999997"
"24","PAC","FLORES","MANTENIMIENTO Y REHABILITACIÓN DE LA IGLESIA PATRIMONIAL DEL SANTO CRISTO DE ...","80000","1206091","","REMITIDO A LA DIRECCIÓN GENERAL DE GESTIÓN DE PATRIMONIO","Remitido a otra dirección","","","","",""
"25","PAC","FLORES","EJECUCIÓN DE LA CONSTRUCCIÓN DEL SISTEMA DE DRENAJE DEL ESTADIO DE LA CABECER...","10000","Sumilla Interna mediante MEMORANDO Nro. GADMR-DGPHDU-JDOP-2026-003-MP","ING. ROSA GRANDA
ING. NATALY SALAZAR
ING. JOFFRE NIAMA
ING. GERMANIA FLORES","ELABORACIÓN DE DISEÑO DE DRENAJE","En desarrollo","04 DE SEPTIEMBRE DEL 2026","","0.4","761834.33100000001","9798934.1779999994"
"26","PAC","QUIMIAG","ADQUISIÓN DE MATERIALES PARA EL CERRAMIENTO DEL ESTADIO DE LA COMUNIDAD PUCUL...","25000","1184261","","ENTREGADO A LA DIRECCIÓN GENERAL DE GESTIÓN DE OBRAS PÚBLICAS","Entregado para Contratación","","","1","761930.52749999997","9814085.6096999999"
"27","PAC","SAN JUAN","REMODELACIÓN DEL MERCADO DE LA PARROQUIA SAN JUAN","91000","","ARQ. LUIS TELLO","POR ENTREGAR","En desarrollo","31 DE JULIO DEL 2026","","0.95","746798.10789999994","9819268.1632000003"
"28","Fuera del PAC","RIOBAMBA","EJECUCIÓN DE LA CONSTRUCCIÓN DE LA CASA DEL TEREQUE ETAPA I","250000","Sumilla Interna mediante MEMORANDO Nro. GADMR-DGPHDU-JDOP-2026-024-MP","ARQ. SANTIAGO RUALES
ING. JUAN JOSE DAVILA
ING. DENNIS SALAZAR
ING. SANDRA BE...","ELABORACIÓN DE INGENIERÍAS","En desarrollo","03 DE SEPTIEMBRE  DEL 2026","","0.5","763531.75","9813929.9600000009"
"29","Fuera del PAC","RIOBAMBA","EJECUCIÓN DE LA CONSTRUCCIÓN DE EL TEMPLO DEL SER  ETAPA I","NO EXISTE PRESUPUESTO","Sumilla Interna mediante MEMORANDO Nro. GADMR-DGPHDU-JDOP-2026-028-MP","ARQ. ALEJANDRO HUARACA
ARQ. CESAR RIOS
ARQ. SANTIAGO RUALES
ARQ. GABRIEL PERE...","ELABORACIÓN DEL DISEÑO ARQUITECTONICO","En desarrollo","23 DE OCTUBRE DEL 2026","","0.35","759955.39950000006","9815546.3296000008"
"30","Fuera del PAC","RIOBAMBA","CONSTRUCCIÓN DEL PARQUE LAS ACACIAS FASE II","250000","","ARQ. LUIS TELLO
ING. ERIKA CALDERON
ING. SANDRA BERRONES
ING. JOFFRE NIAMA
IN...","ESPERA QUE SE DEFINA EL CPC Y REFORME EL PAC DE LA DIRECCIÓN GENERAL DE GESTI...","En desarrollo","","","0.95","758500.04440000001","9819096.6926000006"
"31","Fuera del PAC","SAN JUAN","“CONSULTORÍA PARA LOS ESTUDIOS Y DISEÑOS DEFINITIVOS PARA LA EJECUCIÓN DE LA ...","70000","1191846","","ENTREGADO A LA DIRECCIÓN GENERAL DE GESTIÓN DE CULTURA, DEPORTES, RECREACIÓN ...","En desarrollo","","","1","744982.22","9822657.8200000003"
"32","Fuera del PAC","YARUQUIES","PRESTACIÓN DEL SERVICIO DE CONSULTORÍA PARA ELABORAR LOS ESTUDIOS Y DISEÑOS D...","37500","1211971","","ENTREGADO A LA DIRECCIÓN GENERAL DE GESTIÓN DE CULTURA, DEPORTES, RECREACIÓN ...","En desarrollo","","","1","758208.19","9812975.1400000006"
"33","Fuera del PAC","RIOBAMBA","EJECUCIÓN DE LA REMODELACIÓN DEL ESTADIO OLIMPICO DE RIOBAMBA","","","","NO HA INICIADO","En desarrollo","","","0.05","760316.31","9815576.3800000008"
"34","Fuera del PAC","RIOBAMBA","READECUACIÓN DE LAS INSTALACIONES DEL CENTRO DE INTERPRETACIÓN AMBIENTAL- RIC...","86606.74","121950","","ENTREGADO A LA DIRECCIÓN GENERAL DE GESTIÓN DE AMBIENTE","En desarrollo","","","1","758249.73699999996","9815607.0050000008"
"35","Fuera del PAC","RIOBAMBA","READECUACIÓN Y MEJORAMIENTO DE LAS INSTALACIONES DEL CENTRO DE RESCATE INTEGR...","100000","Sumilla Interna mediante MEMORANDO Nro. GADMR-DGPHDU-JDOP-2026-027-MP","ARQ. FERNANDO PONCE
ING. ROSA GRANDA
ING. ERIKA CALDERON
ING. NATALY SALAZAR
...","ELABORAIÓN DE INGENIERÍAS","En desarrollo","04 DE SEPTIEMBRE DEL 2026","","0.5","761348.38289999997","9813279.9011259992"
"36","Fuera del PAC","RIOBAMBA","MEJORAMIENTO Y MANTENIMIENTO DE VARIAS UNIDADES EDUCATIVAS","250000","","ARQ. FERNANDO PONCE","DISEÑO DE INGENIERÍAS","En desarrollo","INICIARA A PARTIR DEL FINES DE SEPTIEMBRE","","0.4","761944","9815645.9100000001"
"37","Fuera del PAC","RIOBAMBA","“ESTUDIOS Y DISEÑOS DEFINITIVOS PARA EL “PARQUE RECREATIVO ARQUEOLÓGICO LOURD...","","","ARQ DARIO MONTOYA","REVISION Y ELABORACIÓN DE PRESUPUESTOS REFERENCIALES  DE TODA LA CONSULTORIA","En desarrollo","15 DE AGOSTO DEL 2026","","0.9","759298.44","9815769.4000000004"
"38","Fuera del PAC","CACHA","ESTADIO DE AMULA SHULLIDIS DE CACHA","50000","","ING. CRISTOPHER PADILLA","","En desarrollo","","","0.6","753423.15","9812723.6199999992"
"39","PAC","RIOBAMBA","IMPLEMENTACIÓN DE ESTRUCTURAS MULTIFUNCIONALES, CIRCUITOS DE CROSSFIT, ESTACI...","135607.95000000001","1212185/Sumilla Interna mediante MEMORANDO Nro. GADMR-DGPHDU-JDOP-2026-056-MP","ARQ. GABRIEL PÉREZ
ING. NATALY SALAZAR
ING. JOFFRE NIAMA 
ING. GERMANIA FLORES","EL PROYECTO SE ENCUENTRA EN VERIFICACIÓN DE LUGARES DONDE SE INSTALARÁN LAS M...","En desarrollo","15 DE SEPTIEMBRE DEL 2026","","0.25","",""
